Idade,Gênero,IMC,Filhos,Fumante,Região,Encargos
56,feminino,29.774373714007336,2,sim,sudoeste,31109.889763423336
46,masculino,25.857394655216346,1,não,nordeste,26650.702646642694
32,masculino,43.014839993647488,0,não,sudoeste,21059.03799039332
27,feminino,26.014839993647488,3,não,noroeste,21459.03799039332
19,masculino,28.014839993647488,2,não,sudeste,41659.03799039332
45,masculino,23.014839993647488,1,não,sudeste,29459.03799039332
39,feminino,32.014839993647488,1,não,noroeste,50059.03799039332
62,feminino,38.014839993647488,2,não,sudoeste,36459.03799039332
73,masculino,42.014839993647488,3,não,nordeste,18645.03799039332
